C,PL,status,CTE,gap,C_setup,C_WIP,C_FG,C_BO,NS_%,productos_postergados,tiempo_s,V_POST
21,0,2,8471794314.285713,2.701692551146384e-15,4500.0,0.0,0.0,8471789814.285712,6.864324709553601,[],0.04999995231628418,0.0
21,2,2,7988898246.738092,0.0,5695.0,2380.952380952381,29570.785714285717,7988860599.999998,13.680595388806594,"[(1, 2), (1, 3)]",0.49500012397766113,482896067.5476208
21,3,2,7981085179.714284,0.0,5500.0,0.0,31579.714285714283,7981048099.999998,11.908608241657655,"[(1, 2), (2, 1), (2, 2)]",0.317000150680542,490709134.57142925
21,4,2,7981085179.714283,0.0,5500.0,0.0,31579.714285714283,7981048099.999998,14.592860177405148,"[(1, 1), (1, 2), (2, 1), (2, 2)]",0.24499988555908203,490709134.5714302
21,5,2,7981085179.714285,2.389836206309956e-16,5500.0,0.0,31579.714285714283,7981048099.999998,14.638969418488372,"[(1, 1), (1, 2), (1, 3), (2, 1), (2, 2)]",0.4010000228881836,490709134.5714283
42,0,2,5451868638.214285,1.749261362831769e-16,7950.0,0.0,89802.49999999997,5451770885.714285,26.834961488481337,[],0.05900001525878906,0.0
42,2,2,4514326858.82381,0.0,9295.0,14710.352380952367,154753.4714285714,4514148100.0,38.07685840108272,"[(1, 1), (1, 2)]",0.21700000762939453,937541779.3904753
42,3,2,4381427039.904761,2.1766294582118158e-16,8300.0,4761.904761904762,123485.14285714284,4381290492.857142,40.82790591416497,"[(1, 1), (1, 2), (1, 3)]",0.23999977111816406,1070441598.3095236
42,4,2,4369010578.7047615,0.0,8450.0,16914.990476190476,123485.14285714284,4368861728.571428,41.739624803334294,"[(1, 1), (1, 2), (1, 3), (2, 2)]",0.2890000343322754,1082858059.5095234
42,5,2,4360736377.609524,4.3739140999348227e-16,9040.0,16529.75238095235,82793.57142857142,4360628014.285714,40.94075697066949,"[(1, 1), (1, 2), (1, 3), (2, 1), (2, 2)]",0.2390000820159912,1091132260.6047611
63,0,2,3056171297.1285715,0.0,14550.0,0.0,325947.1285714285,3055830800.0,48.660215315455325,[],0.017999887466430664,0.0
63,2,2,2284286125.214286,2.0874668586379194e-16,12650.0,41739.49999999999,314707.14285714284,2283917028.5714283,63.314546840699506,"[(1, 1), (1, 2)]",0.0840001106262207,771885171.9142857
63,3,2,2119629638.0880957,3.934049088208037e-08,12400.0,35509.66666666665,317956.9928571428,2119263771.4285715,64.79028208388769,"[(1, 1), (1, 2), (1, 3)]",0.1100001335144043,936541659.0404758
63,4,2,1978736050.2619047,4.1383875625461276e-08,12540.0,162827.63333333321,293432.62857142853,1978267250.0,67.78054587096419,"[(1, 1), (1, 2), (2, 1), (2, 2)]",0.08100008964538574,1077435246.8666668
63,5,2,1892035271.3952382,0.0,12684.999999999998,187672.0095238094,177842.95714285714,1891657071.4285715,68.85088496561698,"[(1, 1), (1, 2), (1, 3), (2, 1), (2, 2)]",0.09400010108947754,1164136025.7333333
84,0,2,1956730238.8999999,0.0,14550.0,0.0,1164188.8999999997,1955551500.0,67.14556547124978,[],0.009999990463256836,0.0
84,2,2,1818319206.15,8.142507966135578e-06,14900.0,77559.49999999999,591246.6499999998,1817635500.0,69.46263673859669,"[(1, 1), (1, 2)]",0.0710000991821289,138411032.74999976
84,3,2,1818252775.2499998,5.2356244779250246e-05,17655.0,215931.29999999996,383688.9499999999,1817635500.0,69.46263673859669,"[(1, 1), (1, 2), (2, 1)]",0.0839998722076416,138477463.6500001
84,4,2,1818093052.1333332,1.3921935339661515e-06,15850.0,294014.53333333327,147687.59999999995,1817635500.0,69.46263673859669,"[(1, 1), (1, 2), (1, 3), (2, 1)]",0.08800005912780762,138637186.76666665
84,5,2,1818086550.3333335,2.5093133630734853e-05,13439.999999999998,354254.1333333332,83356.2,1817635500.0,69.46263673859669,"[(1, 1), (1, 2), (1, 3), (2, 1), (2, 2)]",0.04900002479553223,138643688.56666636
