nodo,a(n),vino,etiqueta,D,w_bl,w_l,s_bl,b_bl,w_b,s_b,y,u
1,0,1,1,23525.0,65699.0,0.0,0.0,23525.0,0.0,0.0,12.0,0.0
1,0,1,2,24328.0,52853.0,0.0,0.0,24328.0,0.0,0.0,12.0,0.0
1,0,1,3,20368.0,41448.0,0.0,0.0,20368.0,0.0,0.0,12.0,0.0
1,0,2,1,21080.0,55684.67,0.0,0.0,21080.0,0.0,0.0,8.0,0.0
1,0,2,2,22991.0,50982.0,0.0,0.0,22991.0,0.0,0.0,8.0,0.0
2,1,1,1,53218.0,92900.0,0.0,0.0,11044.0,0.0,0.0,12.0,0.47
2,1,1,2,15184.0,18030.0,0.0,13341.0,0.0,0.0,0.0,12.0,0.47
2,1,1,3,38150.0,42835.0,0.0,0.0,17070.0,0.0,0.0,12.0,0.47
2,1,2,1,39387.0,38897.33,0.0,0.0,4782.33,0.0,0.0,7.0,0.82
2,1,2,2,38048.0,43497.0,0.0,0.0,10057.0,0.0,0.0,7.0,0.82
3,1,1,1,34328.0,42580.0,0.0,7846.0,0.0,0.0,0.0,11.0,0.83
3,1,1,2,28525.0,57965.0,0.0,0.0,0.0,0.0,0.0,11.0,0.83
3,1,1,3,21080.0,35043.0,0.0,0.0,0.0,0.0,0.0,11.0,0.83
3,1,2,1,30368.0,32808.33,0.0,4236.67,0.0,0.0,0.0,6.0,0.91
3,1,2,2,27991.0,35085.0,0.0,0.0,0.0,0.0,0.0,6.0,0.91
4,1,1,1,18118.0,6800.0,0.0,24056.0,0.0,0.0,0.0,6.0,0.77
4,1,1,2,45832.0,62876.0,0.0,0.0,17307.0,0.0,0.0,6.0,0.77
4,1,1,3,6762.0,0.0,0.0,14318.0,0.0,0.0,0.0,6.0,0.77
4,1,2,1,12646.0,2156.33,0.0,21958.67,0.0,0.0,0.0,1.0,0.06
4,1,2,2,14949.0,10398.0,0.0,13042.0,0.0,0.0,0.0,1.0,0.06
5,2,1,1,81856.0,0.0,0.0,0.0,0.0,0.0,0.0,-0.0,0.0
5,2,1,2,24546.0,0.0,0.0,6825.0,0.0,0.0,0.0,-0.0,0.0
5,2,1,3,4920.0,0.0,0.0,20845.0,0.0,0.0,0.0,-0.0,0.0
5,2,2,1,34115.0,0.0,0.0,0.0,0.0,0.0,0.0,-0.0,0.0
5,2,2,2,33440.0,0.0,0.0,0.0,0.0,0.0,0.0,-0.0,0.0
6,2,1,1,45302.0,0.0,0.0,36554.0,0.0,0.0,0.0,-0.0,0.0
6,2,1,2,31371.0,0.0,0.0,0.0,0.0,0.0,0.0,-0.0,0.0
6,2,1,3,25765.0,0.0,0.0,0.0,0.0,0.0,0.0,-0.0,0.0
6,2,2,1,22773.0,0.0,0.0,11342.0,0.0,0.0,0.0,-0.0,0.0
6,2,2,2,22824.0,0.0,0.0,10616.0,0.0,0.0,0.0,-0.0,0.0
7,3,1,1,50426.0,0.0,0.0,0.0,0.0,0.0,0.0,-0.0,0.0
7,3,1,2,23569.0,0.0,0.0,34396.0,0.0,0.0,0.0,-0.0,0.0
7,3,1,3,35043.0,0.0,0.0,0.0,0.0,0.0,0.0,-0.0,0.0
7,3,2,1,37045.0,0.0,0.0,0.0,0.0,0.0,0.0,-0.0,0.0
7,3,2,2,35085.0,0.0,0.0,0.0,0.0,0.0,0.0,-0.0,0.0
8,3,1,1,31482.0,0.0,0.0,18944.0,0.0,0.0,0.0,0.0,0.0
8,3,1,2,40767.0,0.0,0.0,17198.0,0.0,0.0,0.0,0.0,0.0
8,3,1,3,25646.0,0.0,0.0,9397.0,0.0,0.0,0.0,0.0,0.0
8,3,2,1,27831.0,0.0,0.0,9214.0,0.0,0.0,0.0,0.0,0.0
8,3,2,2,25147.0,0.0,0.0,9938.0,0.0,0.0,0.0,0.0,0.0
9,3,1,1,12538.0,0.0,0.0,37888.0,0.0,0.0,0.0,0.0,0.0
9,3,1,2,57965.0,0.0,0.0,0.0,0.0,0.0,0.0,0.0,0.0
9,3,1,3,16248.0,0.0,0.0,18795.0,0.0,0.0,0.0,0.0,0.0
9,3,2,1,18616.0,0.0,0.0,18429.0,0.0,0.0,0.0,0.0,0.0
9,3,2,2,15209.0,0.0,0.0,19876.0,0.0,0.0,0.0,0.0,0.0
10,4,1,1,30856.0,0.0,0.0,0.0,0.0,0.0,0.0,-0.0,0.0
10,4,1,2,20546.0,0.0,0.0,25023.0,0.0,0.0,0.0,-0.0,0.0
10,4,1,3,10920.0,0.0,0.0,3398.0,0.0,0.0,0.0,-0.0,0.0
10,4,2,1,24115.0,0.0,0.0,0.0,0.0,0.0,0.0,-0.0,0.0
10,4,2,2,23440.0,0.0,0.0,0.0,0.0,0.0,0.0,-0.0,0.0
11,4,1,1,10426.0,0.0,0.0,20430.0,0.0,0.0,0.0,-0.0,0.0
11,4,1,2,45569.0,0.0,0.0,0.0,0.0,0.0,0.0,-0.0,0.0
11,4,1,3,11043.0,0.0,0.0,3275.0,0.0,0.0,0.0,-0.0,0.0
11,4,2,1,17045.0,0.0,0.0,7070.0,0.0,0.0,0.0,-0.0,0.0
11,4,2,2,15085.0,0.0,0.0,8355.0,0.0,0.0,0.0,-0.0,0.0
