,nodo,periodo,demanda_total_nodo,horas_proceso_min,horas_setup_min,horas_totales_min,capacidad_h,excede_capacidad
0,1,1,112292.0,31.44,3.0,34.44,84.0,False
1,2,2,183987.0,51.52,3.0,54.52,84.0,False
2,3,2,142292.0,39.84,3.0,42.84,84.0,False
3,4,2,98307.0,27.53,3.0,30.53,84.0,False
4,5,3,178877.0,50.09,3.0,53.09,84.0,False
5,6,3,148035.0,41.45,3.0,44.45,84.0,False
6,7,3,181168.0,50.73,3.0,53.73,84.0,False
7,8,3,150873.0,42.24,3.0,45.24,84.0,False
8,9,3,120576.0,33.76,3.0,36.76,84.0,False
9,10,3,109877.0,30.77,3.0,33.77,84.0,False
10,11,3,99168.0,27.77,3.0,30.77,84.0,False
