producto,nodo,demanda,vino,etiqueta,periodo,estado,nodo_antecesor,prob_condicional,prob_nodo
"(1,1)",1,23525.0,1,1,1,Media,-,1.0,1.0
"(1,2)",1,24328.0,1,2,1,Media,-,1.0,1.0
"(1,3)",1,20368.0,1,3,1,Media,-,1.0,1.0
"(2,1)",1,21080.0,2,1,1,Media,-,1.0,1.0
"(2,2)",1,22991.0,2,2,1,Media,-,1.0,1.0
"(1,1)",2,53218.0,1,1,2,Alta,1,0.3,0.3
"(1,2)",2,15184.0,1,2,2,Alta,1,0.3,0.3
"(1,3)",2,38150.0,1,3,2,Alta,1,0.3,0.3
"(2,1)",2,39387.0,2,1,2,Alta,1,0.3,0.3
"(2,2)",2,38048.0,2,2,2,Alta,1,0.3,0.3
"(1,1)",3,34328.0,1,1,2,Media,1,0.4,0.4
"(1,2)",3,28525.0,1,2,2,Media,1,0.4,0.4
"(1,3)",3,21080.0,1,3,2,Media,1,0.4,0.4
"(2,1)",3,30368.0,2,1,2,Media,1,0.4,0.4
"(2,2)",3,27991.0,2,2,2,Media,1,0.4,0.4
"(1,1)",4,18118.0,1,1,2,Baja,1,0.3,0.3
"(1,2)",4,45832.0,1,2,2,Baja,1,0.3,0.3
"(1,3)",4,6762.0,1,3,2,Baja,1,0.3,0.3
"(2,1)",4,12646.0,2,1,2,Baja,1,0.3,0.3
"(2,2)",4,14949.0,2,2,2,Baja,1,0.3,0.3
"(1,1)",5,81856.0,1,1,3,Alta,2,0.7,0.21
"(1,2)",5,24546.0,1,2,3,Alta,2,0.7,0.21
"(1,3)",5,4920.0,1,3,3,Alta,2,0.7,0.21
"(2,1)",5,34115.0,2,1,3,Alta,2,0.7,0.21
"(2,2)",5,33440.0,2,2,3,Alta,2,0.7,0.21
"(1,1)",6,45302.0,1,1,3,Media,2,0.3,0.09
"(1,2)",6,31371.0,1,2,3,Media,2,0.3,0.09
"(1,3)",6,25765.0,1,3,3,Media,2,0.3,0.09
"(2,1)",6,22773.0,2,1,3,Media,2,0.3,0.09
"(2,2)",6,22824.0,2,2,3,Media,2,0.3,0.09
"(1,1)",7,50426.0,1,1,3,Alta,3,0.333333333333333,0.1333333333333332
"(1,2)",7,23569.0,1,2,3,Alta,3,0.333333333333333,0.1333333333333332
"(1,3)",7,35043.0,1,3,3,Alta,3,0.333333333333333,0.1333333333333332
"(2,1)",7,37045.0,2,1,3,Alta,3,0.333333333333333,0.1333333333333332
"(2,2)",7,35085.0,2,2,3,Alta,3,0.333333333333333,0.1333333333333332
"(1,1)",8,31482.0,1,1,3,Media,3,0.333333333333333,0.1333333333333332
"(1,2)",8,40767.0,1,2,3,Media,3,0.333333333333333,0.1333333333333332
"(1,3)",8,25646.0,1,3,3,Media,3,0.333333333333333,0.1333333333333332
"(2,1)",8,27831.0,2,1,3,Media,3,0.333333333333333,0.1333333333333332
"(2,2)",8,25147.0,2,2,3,Media,3,0.333333333333333,0.1333333333333332
"(1,1)",9,12538.0,1,1,3,Baja,3,0.333333333333333,0.1333333333333332
"(1,2)",9,57965.0,1,2,3,Baja,3,0.333333333333333,0.1333333333333332
"(1,3)",9,16248.0,1,3,3,Baja,3,0.333333333333333,0.1333333333333332
"(2,1)",9,18616.0,2,1,3,Baja,3,0.333333333333333,0.1333333333333332
"(2,2)",9,15209.0,2,2,3,Baja,3,0.333333333333333,0.1333333333333332
"(1,1)",10,30856.0,1,1,3,Media,4,0.6,0.18
"(1,2)",10,20546.0,1,2,3,Media,4,0.6,0.18
"(1,3)",10,10920.0,1,3,3,Media,4,0.6,0.18
"(2,1)",10,24115.0,2,1,3,Media,4,0.6,0.18
"(2,2)",10,23440.0,2,2,3,Media,4,0.6,0.18
"(1,1)",11,10426.0,1,1,3,Baja,4,0.4,0.12
"(1,2)",11,45569.0,1,2,3,Baja,4,0.4,0.12
"(1,3)",11,11043.0,1,3,3,Baja,4,0.4,0.12
"(2,1)",11,17045.0,2,1,3,Baja,4,0.4,0.12
"(2,2)",11,15085.0,2,2,3,Baja,4,0.4,0.12
